date,open,high,low,close,volume
2019-09-24,14.05,14.05,14.05,14.05,0
2019-09-25,14.05,14.05,14.05,14.05,0
2019-09-26,14.25,14.25,14.25,14.25,1100
2019-09-27,14.25,14.25,14.25,14.25,1000
2019-09-30,14.25,14.25,14.25,14.25,0
2019-10-01,14.25,14.25,14.25,14.25,0
2019-10-02,14.25,14.25,14.25,14.25,0
2019-10-03,13.03,14.66,13.03,14.66,2419
2019-10-04,14.13,14.13,14.13,14.13,100
2019-10-07,14.13,14.13,14.13,14.13,0
2019-10-08,14.25,14.25,14.25,14.25,100
2019-10-09,14.25,14.25,14.25,14.25,0
2019-10-10,14.25,14.25,14.25,14.25,0
2019-10-11,14.25,14.25,14.25,14.25,0
2019-10-14,14.25,14.25,14.25,14.25,0
2019-10-15,14.66,14.66,14.66,14.66,510
2019-10-16,13.92,13.92,13.19,13.19,8600
2019-10-17,13.84,13.84,13.84,13.84,100
2019-10-18,13.84,13.84,13.84,13.84,0
2019-10-21,14.21,14.41,13.92,14.41,1720
2019-10-22,14.66,14.7,14.66,14.7,4306
2019-10-23,14.7,14.7,14.7,14.7,0
2019-10-24,14.45,14.45,14.45,14.45,119
2019-10-25,13.84,13.84,13.84,13.84,180
2019-10-28,14.25,14.25,14.25,14.25,200
2019-10-29,14.25,14.25,14.25,14.25,0
2019-10-30,14.25,14.25,14.25,14.25,300
2019-10-31,14.37,14.37,14.37,14.37,100
2019-11-01,14.37,14.37,14.37,14.37,0
2019-11-04,14.37,14.37,14.37,14.37,0
2019-11-05,14.37,14.37,14.37,14.37,0
2019-11-06,14.37,14.37,14.37,14.37,0
2019-11-07,14.37,14.37,14.37,14.37,0
2019-11-08,14.37,14.37,14.37,14.37,0
2019-11-11,14.45,14.45,14.45,14.45,600
2019-11-12,14.25,14.25,14.25,14.25,200
2019-11-13,14.25,14.25,14.25,14.25,0
2019-11-14,13.84,14.25,13.68,14.25,466
2019-11-15,14.25,14.25,14.25,14.25,3
2019-11-18,14.33,14.33,14.33,14.33,105
2019-11-19,14.21,14.33,14.21,14.33,300
2019-11-20,14.33,14.33,14.33,14.33,0
2019-11-21,14.33,14.33,14.33,14.33,0
2019-11-22,14.33,14.33,14.33,14.33,100
2019-11-25,14.33,14.33,14.33,14.33,0
2019-11-26,14.33,14.33,14.33,14.33,0
2019-11-27,14.33,14.33,14.33,14.33,0
2019-11-28,14.33,14.33,14.33,14.33,10
2019-11-29,14.33,14.33,14.33,14.33,0
2019-12-02,14.33,14.33,14.33,14.33,0
2019-12-03,14.33,14.33,14.33,14.33,100
2019-12-04,14.33,14.33,14.33,14.33,0
2019-12-05,14.33,14.33,14.33,14.33,0
2019-12-06,14.41,14.41,14.37,14.37,200
2019-12-09,13.27,13.84,13.27,13.84,1100
2019-12-10,13.84,13.84,13.84,13.84,0
2019-12-11,14.66,14.66,14.66,14.66,700
2019-12-12,13.52,13.6,13.44,13.6,1000
2019-12-13,13.6,13.6,13.6,13.6,0
2019-12-16,14.62,14.66,14.62,14.66,333
2019-12-17,14.62,14.62,14.37,14.45,1000
2019-12-18,13.6,13.6,13.44,13.44,2000
2019-12-19,13.44,13.44,13.44,13.44,0
2019-12-20,13.44,13.44,13.44,13.44,300
2019-12-23,14.21,14.45,13.52,13.52,2500
2019-12-24,13.52,13.52,13.52,13.52,10
2019-12-25,13.52,13.52,13.52,13.52,0
2019-12-26,13.52,13.52,13.52,13.52,0
2019-12-27,14.25,14.25,14.25,14.25,510
2019-12-30,14.25,14.25,14.25,14.25,100
2019-12-31,13.52,13.52,13.07,13.07,1400
2020-01-02,13.07,13.07,13.07,13.07,0
2020-01-03,13.07,13.07,13.07,13.07,0
2020-01-06,13.07,14.09,13.07,14.09,1307
2020-01-07,15.47,15.47,15.47,15.47,100
2020-01-08,13.92,13.92,13.92,13.92,300
2020-01-09,14.25,14.25,14.25,14.25,200
2020-01-10,14.25,14.25,14.25,14.25,100
2020-01-13,14.25,14.25,14.25,14.25,0
2020-01-14,14.25,14.25,14.25,14.25,0
2020-01-15,14.25,14.25,14.25,14.25,1500
2020-01-16,14.25,14.25,14.25,14.25,0
2020-01-17,14.25,14.25,14.25,14.25,0
2020-01-20,15.27,15.27,15.27,15.27,300
2020-01-21,15.27,15.27,15.27,15.27,0
2020-01-22,15.27,15.27,15.27,15.27,0
2020-01-30,14.25,14.25,14.25,14.25,1333
2020-01-31,14.25,14.25,14.25,14.25,0
2020-02-03,14.25,14.25,14.25,14.25,0
2020-02-04,14.37,15.47,14.37,15.47,1081
2020-02-05,15.47,15.47,15.47,15.47,14
2020-02-06,15.47,15.47,15.47,15.47,0
2020-02-07,15.23,15.23,15.23,15.23,100
2020-02-10,15.23,15.23,15.23,15.23,0
2020-02-11,15.23,15.23,15.23,15.23,0
2020-02-12,15.23,15.23,15.23,15.23,0
2020-02-13,13.88,13.88,13.88,13.88,100
2020-02-14,13.88,13.88,13.88,13.88,0
2020-02-17,14.25,14.25,13.76,13.84,400
2020-02-18,13.84,13.84,13.84,13.84,0
2020-02-19,13.84,13.84,13.84,13.84,0
2020-02-20,13.84,13.84,13.84,13.84,0
2020-02-21,14.05,14.05,14.05,14.05,100
2020-02-24,14.05,14.09,14.05,14.09,300
2020-02-25,14.09,14.09,14.09,14.09,0
2020-02-26,13.44,13.44,13.44,13.44,100
2020-02-27,13.44,13.44,13.44,13.44,0
2020-02-28,13.44,13.44,13.44,13.44,0
2020-03-02,14.25,14.25,13.31,13.31,1871
2020-03-03,14.05,14.05,14.05,14.05,100
2020-03-04,14.05,14.05,14.05,14.05,0
2020-03-05,14.05,14.05,14.05,14.05,571
2020-03-06,14.05,14.05,14.05,14.05,0
2020-03-09,14.05,14.05,14.05,14.05,0
2020-03-10,14.05,14.05,14.05,14.05,0
2020-03-11,12.87,12.87,12.87,12.87,400
2020-03-12,12.87,12.87,12.87,12.87,0
2020-03-13,12.87,12.87,12.87,12.87,0
2020-03-16,12.87,12.87,12.87,12.87,66
2020-03-17,13.96,13.96,13.84,13.84,200
2020-03-18,13.84,13.84,13.84,13.84,0
2020-03-19,13.84,13.84,13.84,13.84,0
2020-03-20,13.84,13.84,13.84,13.84,100
2020-03-23,13.84,13.84,13.84,13.84,0
2020-03-24,12.66,12.66,12.66,12.66,133
2020-03-25,11.6,11.6,11.6,11.6,900
2020-03-26,10.67,10.67,10.67,10.67,700
2020-03-27,11.56,11.56,11.56,11.56,300
2020-03-30,10.42,10.42,10.42,10.42,600
2020-03-31,10.42,10.42,10.42,10.42,0
2020-04-01,9.97,9.97,9.97,9.97,301
2020-04-03,9.97,9.97,9.97,9.97,0
2020-04-06,9.97,9.97,9.97,9.97,0
2020-04-07,9.97,9.97,9.97,9.97,0
2020-04-08,9.97,9.97,9.97,9.97,0
2020-04-09,9.97,9.97,9.97,9.97,0
2020-04-10,10.95,10.95,10.95,10.95,166
2020-04-13,10.95,10.95,10.95,10.95,20
2020-04-14,10.95,10.95,10.95,10.95,0
2020-04-15,10.95,10.95,10.95,10.95,0
2020-04-16,10.95,10.95,10.95,10.95,60
2020-04-17,12.01,12.01,12.01,12.01,100
2020-04-20,13.19,13.19,13.19,13.19,200
2020-04-21,13.19,14.45,13.19,14.45,300
2020-04-22,14.45,14.45,14.45,14.45,0
2020-04-23,13.84,13.84,13.84,13.84,200
2020-04-24,13.11,13.11,13.11,13.11,105
2020-04-27,13.11,13.11,12.66,12.66,831
2020-04-28,12.66,12.66,12.66,12.66,0
2020-04-29,12.66,12.66,12.66,12.66,0
2020-05-04,13.76,13.76,13.76,13.76,100
2020-05-05,13.6,13.6,13.6,13.6,115
2020-05-06,13.6,13.6,13.6,13.6,10
2020-05-07,14.56,14.56,12.72,12.72,366
2020-05-08,13.43,13.43,13.43,13.43,300
2020-05-11,13.43,13.43,13.43,13.43,0
2020-05-12,13.47,13.47,13.47,13.47,233
2020-05-13,13.47,13.47,13.47,13.47,10
2020-05-14,13.47,13.47,13.47,13.47,110
2020-05-15,13.47,13.47,13.47,13.47,248
2020-05-18,13.47,13.47,13.47,13.47,0
2020-05-19,13.47,13.47,13.47,13.47,0
2020-05-20,13.47,13.47,13.47,13.47,56
2020-05-21,13.51,13.93,13.51,13.93,912
2020-05-22,13.93,13.93,13.93,13.93,0
2020-05-25,13.93,13.93,13.93,13.93,0
2020-05-26,13.89,13.89,13.85,13.85,251
2020-05-27,13.85,13.85,13.85,13.85,0
2020-05-28,13.93,13.93,13.93,13.93,100
2020-05-29,13.64,13.64,13.64,13.64,200
2020-06-01,12.8,12.8,12.63,12.63,1045
2020-06-02,13.85,13.85,13.85,13.85,110
2020-06-03,13.85,13.85,13.85,13.85,66
2020-06-04,13.64,13.64,13.64,13.64,500
2020-06-05,13.64,13.64,13.64,13.64,10
2020-06-08,14.06,14.06,14.06,14.06,700
2020-06-09,14.06,14.06,14.06,14.06,0
2020-06-10,14.06,14.06,14.06,14.06,0
2020-06-11,14.06,14.06,14.06,14.06,0
2020-06-12,14.06,14.06,14.06,14.06,30
2020-06-15,14.06,14.06,14.06,14.06,66
2020-06-16,14.06,14.06,14.06,14.06,0
2020-06-17,14.06,14.06,14.06,14.06,0
2020-06-18,13.43,13.43,13.43,13.43,330
2020-06-19,13.43,13.43,13.43,13.43,833
2020-06-22,12.88,12.88,12.88,12.88,200
2020-06-23,13.43,13.43,13.43,13.43,300
2020-06-24,13.43,13.43,13.43,13.43,0
2020-06-25,13.43,13.43,13.43,13.43,0
2020-06-26,13.43,13.43,13.43,13.43,0
2020-06-29,13.43,13.43,13.43,13.43,0
2020-06-30,13.43,13.43,13.43,13.43,0
2020-07-01,13.43,13.43,13.43,13.43,33
2020-07-02,13.43,13.43,13.43,13.43,0
2020-07-03,13.43,13.43,13.43,13.43,0
2020-07-06,13.98,13.98,13.98,13.98,100
2020-07-07,13.98,13.98,13.98,13.98,0
2020-07-08,13.98,13.98,13.98,13.98,0
2020-07-09,13.98,13.98,13.98,13.98,0
2020-07-10,13.98,13.98,13.98,13.98,0
2020-07-13,13.56,13.56,13.39,13.39,600
2020-07-14,13.39,13.39,13.39,13.39,0
2020-07-15,14.65,14.65,14.65,14.65,100
2020-07-16,14.65,14.65,14.65,14.65,0
2020-07-17,14.65,14.65,14.65,14.65,0
2020-07-20,15.07,15.07,15.07,15.07,100
2020-07-21,15.07,15.07,15.07,15.07,0
2020-07-22,15.07,15.07,15.07,15.07,0
2020-07-23,13.6,13.6,13.6,13.6,100
2020-07-24,13.6,13.6,13.6,13.6,6
2020-07-27,13.6,13.6,13.6,13.6,0
2020-07-28,13.6,13.6,13.6,13.6,66
2020-07-29,13.6,13.6,13.6,13.6,0
2020-07-30,13.6,13.6,13.6,13.6,0
2020-07-31,13.6,13.6,13.6,13.6,0
2020-08-03,13.6,13.6,13.6,13.6,66
2020-08-04,14.48,14.48,14.48,14.48,100
2020-08-05,14.48,14.48,14.48,14.48,0
2020-08-06,14.48,14.48,14.48,14.48,0
2020-08-07,14.48,14.48,14.48,14.48,0
2020-08-10,14.48,14.48,14.48,14.48,10
2020-08-11,14.48,14.48,14.48,14.48,0
2020-08-12,14.48,14.48,14.48,14.48,0
2020-08-13,14.48,14.48,14.48,14.48,0
2020-08-14,14.48,14.48,14.48,14.48,0
2020-08-17,14.48,14.48,14.48,14.48,0
2020-08-18,14.48,14.48,14.48,14.48,0
2020-08-19,14.48,14.48,14.48,14.48,0
2020-08-20,14.48,14.48,14.48,14.48,32
2020-08-21,14.48,14.48,14.48,14.48,0
2020-08-24,14.48,14.48,14.48,14.48,0
2020-08-25,14.48,14.48,14.48,14.48,0
2020-08-26,14.48,14.48,14.48,14.48,1
2020-08-27,14.48,14.48,14.48,14.48,301
2020-08-28,14.48,14.48,14.48,14.48,1400
2020-08-31,13.09,13.09,13.09,13.09,633
2020-09-01,13.09,13.09,13.09,13.09,0
2020-09-03,14.4,14.4,14.4,14.4,1300
2020-09-04,14.4,14.4,14.4,14.4,300
2020-09-07,14.4,14.4,14.4,14.4,200
2020-09-08,14.4,14.4,14.4,14.4,0
2020-09-09,14.4,14.4,14.4,14.4,0
2020-09-10,14.61,14.61,14.61,14.61,0
2020-09-11,14.61,14.61,14.61,14.61,66
2020-09-14,14.61,14.61,14.61,14.61,0
2020-09-15,14.61,14.61,14.61,14.61,0
2020-09-16,14.61,14.61,14.61,14.61,0
2020-09-17,15.76,15.76,15.76,15.76,200
2020-09-18,15.76,15.76,15.76,15.76,0
2020-09-21,15.76,15.76,15.76,15.76,0
2020-09-22,15.76,15.76,15.76,15.76,300
2020-09-23,15.76,15.76,15.76,15.76,0
2020-09-24,15.76,15.76,15.76,15.76,132
2020-09-25,15.76,15.76,15.76,15.76,0
2020-09-28,17.04,17.04,17.04,17.04,166
2020-09-29,18.7,18.7,18.7,18.7,101
2020-09-30,16.87,16.87,16.87,16.87,200
2020-10-01,16.87,16.87,16.87,16.87,0
2020-10-02,18.27,18.27,18.27,18.27,166
2020-10-05,18.27,18.27,18.27,18.27,0
2020-10-06,18.27,18.27,18.27,18.27,0
2020-10-07,18.27,18.27,18.27,18.27,0
2020-10-08,18.27,18.27,18.27,18.27,0
2020-10-09,19.55,19.55,19.55,19.55,100
2020-10-12,19.55,19.55,19.55,19.55,100
2020-10-13,19.55,19.55,19.55,19.55,0
2020-10-14,17.63,17.63,17.63,17.63,200
2020-10-15,17.63,17.63,17.63,17.63,0
2020-10-16,17.63,17.63,17.63,17.63,0
2020-10-19,17.63,17.63,17.63,17.63,0
2020-10-20,17.63,17.63,17.63,17.63,0
2020-10-21,15.89,15.89,15.89,15.89,200
2020-10-22,15.89,15.89,15.89,15.89,0
2020-10-23,15.89,15.89,15.89,15.89,0
2020-10-26,15.89,15.89,15.89,15.89,0
2020-10-27,14.31,14.31,14.31,14.31,100
2020-10-28,14.31,14.31,14.31,14.31,0
2020-10-29,14.31,14.31,14.31,14.31,0
2020-10-30,14.31,14.31,14.31,14.31,0
2020-11-02,14.31,14.31,14.31,14.31,0
2020-11-03,14.31,14.31,14.31,14.31,0
2020-11-04,14.31,14.31,14.31,14.31,0
2020-11-05,14.31,14.31,14.31,14.31,0
2020-11-06,14.31,14.31,14.31,14.31,0
2020-11-09,14.31,14.31,14.31,14.31,0
2020-11-10,12.95,12.95,12.95,12.95,200
2020-11-11,12.95,12.95,12.95,12.95,0
2020-11-12,13.84,13.84,13.84,13.84,500
2020-11-13,15.2,15.2,15.2,15.2,100
2020-11-16,15.2,15.2,15.2,15.2,0
2020-11-17,15.2,15.2,15.2,15.2,0
2020-11-18,15.2,15.2,15.2,15.2,0
2020-11-19,16.53,16.53,16.53,16.53,100
2020-11-20,14.91,14.91,14.91,14.91,100
2020-11-23,14.91,14.91,14.91,14.91,0
2020-11-24,14.91,14.91,14.91,14.91,0
2020-11-25,14.91,14.91,14.91,14.91,0
2020-11-26,14.91,14.91,14.91,14.91,0
2020-11-27,14.91,14.91,14.91,14.91,0
2020-11-30,13.42,13.42,13.42,13.42,100
2020-12-01,13.67,14.74,13.67,14.74,1100
2020-12-02,14.74,14.74,14.74,14.74,0
2020-12-03,14.74,14.74,14.74,14.74,0
2020-12-04,13.33,13.33,13.33,13.33,100
2020-12-07,14.65,14.65,14.65,14.65,200
2020-12-08,14.65,14.65,14.65,14.65,0
2020-12-09,14.91,14.91,14.91,14.91,300
2020-12-10,14.91,14.91,14.91,14.91,0
2020-12-11,13.63,13.63,13.63,13.63,100
2020-12-14,14.69,14.69,13.63,13.63,400
2020-12-15,13.63,13.63,13.63,13.63,0
2020-12-16,13.63,13.63,13.63,13.63,30
2020-12-17,14.69,14.69,14.57,14.57,3800
2020-12-18,14.57,14.57,14.57,14.57,100
2020-12-21,14.57,14.57,14.57,14.57,0
2020-12-22,13.25,13.25,13.25,13.25,166
2020-12-23,13.63,13.63,13.42,13.42,1000
2020-12-24,13.42,13.42,13.42,13.42,0
2020-12-25,13.42,13.42,12.14,12.14,600
2020-12-28,13.33,13.33,13.33,13.33,200
2020-12-29,14.61,14.65,13.97,14.65,2310
2020-12-30,14.65,14.65,14.61,14.61,3900
2020-12-31,14.61,15.93,13.16,13.16,4970
2021-01-04,14.44,14.44,14.44,14.44,200
2021-01-05,14.44,14.44,14.44,14.44,0
2021-01-06,14.06,14.06,14.06,14.06,130
2021-01-07,14.48,14.48,14.44,14.44,700
2021-01-08,14.44,14.44,14.44,14.44,0
2021-01-11,14.44,14.44,14.44,14.44,900
2021-01-12,14.44,14.48,14.44,14.48,1103
2021-01-13,15.33,15.33,14.69,14.69,933
2021-01-14,14.69,14.69,14.69,14.69,0
2021-01-15,14.69,14.69,14.69,14.69,0
2021-01-18,14.69,14.69,14.69,14.69,16
2021-01-19,14.52,14.52,14.52,14.52,400
2021-01-20,14.52,14.52,14.52,14.52,0
2021-01-21,14.69,14.69,14.69,14.69,720
2021-01-22,14.69,14.69,14.69,14.69,0
2021-01-25,14.69,14.69,14.69,14.69,0
2021-01-26,14.69,14.69,14.69,14.69,0
2021-01-27,14.69,14.69,14.69,14.69,0
2021-01-28,14.48,14.48,14.48,14.48,500
2021-01-29,14.48,14.48,14.48,14.48,0
2021-02-01,14.48,14.48,14.48,14.48,0
2021-02-02,14.78,14.78,14.78,14.78,300
2021-02-03,14.31,14.31,14.31,14.31,101
2021-02-04,14.31,14.31,14.31,14.31,0
2021-02-05,14.31,14.31,14.31,14.31,0
2021-02-08,14.31,14.31,14.31,14.31,0
2021-02-09,14.31,14.31,14.31,14.31,0
2021-02-17,13.84,13.84,13.84,13.84,100
2021-02-18,14.91,14.91,14.91,14.91,1000
2021-02-19,14.91,14.91,14.91,14.91,0
2021-02-22,14.91,14.91,14.91,14.91,200
2021-02-23,14.91,14.91,14.91,14.91,0
2021-02-24,14.91,14.91,14.91,14.91,33
2021-02-25,14.91,14.91,14.91,14.91,0
2021-02-26,14.91,14.91,14.91,14.91,0
2021-03-01,14.91,14.91,14.91,14.91,0
2021-03-02,14.91,14.91,14.91,14.91,0
2021-03-03,14.91,14.91,14.91,14.91,0
2021-03-04,14.91,14.91,14.91,14.91,33
2021-03-05,14.91,14.91,14.91,14.91,0
2021-03-08,14.91,14.91,14.91,14.91,0
2021-03-09,14.91,14.91,14.91,14.91,0
2021-03-10,14.91,14.91,14.91,14.91,0
2021-03-11,14.91,14.91,14.91,14.91,0
2021-03-12,14.91,14.91,14.91,14.91,800
2021-03-15,14.91,14.91,14.91,14.91,0
2021-03-16,14.91,14.91,14.91,14.91,66
2021-03-17,16.4,16.4,15.33,15.33,1400
2021-03-18,16.18,16.18,16.18,16.18,166
2021-03-19,15.33,15.33,15.33,15.33,300
2021-03-22,14.06,14.27,14.06,14.27,338
2021-03-23,14.27,14.69,14.27,14.69,431
2021-03-24,14.69,14.69,14.27,14.27,200
2021-03-25,14.27,14.27,14.27,14.27,326
2021-03-26,14.27,15.67,14.27,15.67,200
2021-03-29,15.67,15.67,15.67,15.67,110
2021-03-30,15.67,15.67,15.67,15.67,0
2021-03-31,15.67,15.67,15.67,15.67,0
2021-04-01,15.67,15.67,15.67,15.67,0
2021-04-02,15.33,15.33,15.33,15.33,1000
2021-04-05,15.33,15.33,15.33,15.33,5730
2021-04-06,15.33,15.33,15.33,15.33,1600
2021-04-07,15.33,15.33,15.33,15.33,103
2021-04-08,15.33,15.33,15.33,15.33,0
2021-04-09,15.33,15.33,15.33,15.33,45
2021-04-12,15.33,15.42,15.33,15.42,3202
2021-04-13,15.42,15.42,14.14,15.42,3202
2021-04-14,15.42,15.42,15.42,15.42,45
2021-04-15,15.42,15.42,15.42,15.42,100
2021-04-16,15.42,15.42,15.42,15.42,600
2021-04-19,15.42,15.42,15.42,15.42,0
2021-04-20,14.48,14.48,14.48,14.48,151
2021-04-22,14.48,14.48,14.48,14.48,66
2021-04-23,15.8,15.8,15.8,15.8,100
2021-04-26,15.8,15.8,15.8,15.8,100
2021-04-27,15.8,15.8,15.8,15.8,0
2021-04-28,15.8,15.8,15.8,15.8,66
2021-04-29,15.8,15.8,15.8,15.8,603
2021-05-04,15.8,15.8,15.8,15.8,100
2021-05-05,15.8,15.8,15.8,15.8,33
2021-05-06,15.8,15.8,15.8,15.8,1
2021-05-07,14.92,14.92,14.92,14.92,100
2021-05-10,14.92,14.92,13.95,13.95,1700
2021-05-11,13.95,13.95,13.16,13.16,930
2021-05-12,13.16,13.16,13.16,13.16,0
2021-05-13,13.65,13.65,13.65,13.65,100
2021-05-14,12.59,14.04,12.59,13.3,570
2021-05-17,14.26,14.48,14.26,14.48,400
2021-05-18,15.53,15.53,15.53,15.53,112
2021-05-19,17.03,17.03,16.98,16.98,200
2021-05-20,16.98,16.98,16.98,16.98,0
2021-05-21,16.98,16.98,16.98,16.98,0
2021-05-24,17.51,17.51,15.31,15.31,400
2021-05-25,14.48,16.19,14.48,16.19,200
2021-05-26,14.66,14.66,14.66,14.66,501
2021-05-27,14.66,14.66,14.66,14.66,0
2021-05-28,14.09,14.66,14.09,14.66,800
2021-05-31,13.21,13.21,13.21,13.21,167
2021-06-01,13.21,13.21,13.21,13.21,0
2021-06-02,14.17,14.17,14.09,14.09,400
2021-06-03,14.09,14.09,14.09,14.09,20
2021-06-04,14.17,14.17,14.09,14.09,380
2021-06-07,14.13,15.14,14.04,15.14,1400
2021-06-08,15.14,15.14,15.14,15.14,0
2021-06-09,15.14,15.14,15.14,15.14,0
2021-06-10,14.48,14.48,14.48,14.48,710
2021-06-11,15.01,15.01,15.01,15.01,100
2021-06-14,14.48,14.7,14.48,14.57,1300
2021-06-15,14.48,14.48,14.48,14.48,200
2021-06-16,14.48,14.48,14.48,14.48,1400
2021-06-17,14.48,14.7,14.48,14.7,1321
2021-06-18,14.7,14.7,14.7,14.7,0
2021-06-21,14.09,14.48,14.09,14.48,1003
2021-06-22,14.48,14.48,14.48,14.48,1
2021-06-23,14.48,14.48,14.48,14.48,200
2021-06-24,14.48,14.48,13.08,13.08,1300
2021-06-25,13.38,14.35,13.21,14.35,5710
2021-06-28,14.39,14.39,14.39,14.39,500
2021-06-29,14.39,14.39,14.39,14.39,300
2021-06-30,15.31,15.31,15.31,15.31,100
2021-07-01,15.31,15.31,15.31,15.31,10
2021-07-02,14.26,14.26,14.26,14.26,400
2021-07-05,14.13,14.13,14.13,14.13,1100
2021-07-06,14.13,15.31,14.13,15.31,1443
2021-07-07,13.82,14.7,13.82,14.7,200
2021-07-08,14.26,14.26,14.26,14.26,600
2021-07-09,14.92,14.92,14.92,14.92,100
2021-07-12,14.92,14.92,14.92,14.92,0
2021-07-13,14.92,14.92,14.92,14.92,0
2021-07-14,14.92,14.92,14.92,14.92,0
2021-07-15,13.65,13.65,13.65,13.65,102
2021-07-16,13.65,14.48,13.65,14.26,3203
2021-07-19,14.26,14.26,14.26,14.26,0
2021-07-20,14.04,14.04,14.04,14.04,1600
2021-07-21,13.82,14.26,13.82,14.26,2300
2021-07-22,14.26,14.26,14.26,14.26,0
2021-07-23,14.04,14.09,14.04,14.09,1500
2021-07-26,14.09,14.09,14.09,14.09,0
2021-07-27,14.09,14.09,14.09,14.09,0
2021-07-28,14.09,14.09,14.09,14.09,33
2021-07-29,14.04,14.04,13.6,13.82,4400
2021-07-30,13.82,13.82,13.82,13.82,0
2021-08-02,13.82,13.82,13.82,13.82,0
2021-08-03,13.82,13.82,13.82,13.82,0
2021-08-04,14.0,14.0,13.95,13.95,200
2021-08-05,13.95,13.95,13.95,13.95,0
2021-08-06,14.04,14.04,14.04,14.04,113
2021-08-09,14.04,14.04,14.04,14.04,0
2021-08-10,14.04,14.04,14.04,14.04,0
2021-08-11,14.04,14.04,14.04,14.04,0
2021-08-12,14.04,14.04,14.04,14.04,106
2021-08-13,14.04,14.48,14.04,14.48,400
2021-08-16,14.04,14.48,14.04,14.48,1160
2021-08-17,14.09,14.39,14.09,14.39,600
2021-08-18,14.39,14.39,14.39,14.39,0
2021-08-19,14.39,14.39,14.39,14.39,0
2021-08-20,14.39,14.39,14.39,14.39,0
2021-08-23,14.39,14.39,14.39,14.39,0
2021-08-24,14.39,14.39,14.39,14.39,0
2021-08-25,14.39,14.39,14.39,14.39,0
2021-08-26,14.31,14.31,14.31,14.31,300
2021-08-27,14.31,14.31,14.31,14.31,259
2021-08-30,14.48,14.48,14.48,14.48,3101
2021-08-31,14.7,14.7,14.7,14.7,1000
2021-09-01,14.7,14.7,14.7,14.7,1000
2021-09-06,14.04,14.7,14.04,14.7,1200
2021-09-07,14.7,14.7,14.7,14.7,200
2021-09-08,14.7,14.7,14.7,14.7,0
2021-09-09,14.7,14.7,14.7,14.7,0
2021-09-10,14.26,14.26,14.26,14.26,300
2021-09-13,14.7,14.7,14.7,14.7,2000
2021-09-14,14.7,14.7,14.7,14.7,0
2021-09-15,14.7,14.7,14.7,14.7,0
2021-09-16,14.7,14.7,14.7,14.7,300
2021-09-17,14.48,14.7,14.48,14.7,1100
2021-09-20,14.09,14.09,14.09,14.09,1500
2021-09-21,14.48,14.48,14.48,14.48,400
2021-09-22,14.13,14.13,14.04,14.04,1000
2021-09-23,14.04,14.04,14.04,14.04,0
2021-09-24,14.48,14.48,14.48,14.48,300
2021-09-27,14.48,14.48,14.48,14.48,300
2021-09-28,14.48,14.48,14.48,14.48,0
2021-09-29,14.52,14.61,14.52,14.61,2100
2021-09-30,14.7,14.7,14.7,14.7,2000
2021-10-01,14.7,14.7,14.7,14.7,0
2021-10-04,14.92,14.92,14.92,14.92,500
2021-10-05,14.92,14.92,14.92,14.92,2700
2021-10-06,14.92,14.92,14.92,14.92,0
2021-10-07,15.36,16.41,15.36,16.24,3320
2021-10-08,16.24,16.24,16.24,16.24,0
2021-10-11,16.46,16.46,16.46,16.46,700
2021-10-12,16.46,16.46,16.46,16.46,300
2021-10-13,16.37,16.41,16.1,16.1,300
2021-10-14,16.1,16.1,16.1,16.1,1533
2021-10-15,16.1,16.1,16.1,16.1,200
2021-10-18,16.1,16.1,16.1,16.1,0
2021-10-19,16.1,16.1,16.1,16.1,101
2021-10-20,16.46,16.46,16.46,16.46,100
2021-10-21,15.4,15.4,14.83,15.4,766
2021-10-22,15.4,15.4,15.4,15.4,33
2021-10-25,15.4,15.4,15.4,15.4,0
2021-10-26,15.8,15.84,15.8,15.84,1800
2021-10-27,15.84,15.84,15.84,15.84,0
2021-10-28,15.8,15.8,15.8,15.8,1700
2021-10-29,15.8,15.8,14.66,15.05,900
2021-11-01,15.8,15.8,15.36,15.36,7000
2021-11-02,15.36,15.36,15.36,15.36,25
2021-11-03,15.58,15.8,15.45,15.58,1900
2021-11-04,15.58,15.62,15.58,15.62,4400
2021-11-05,15.62,15.62,15.62,15.62,0
2021-11-08,15.62,15.62,15.62,15.62,166
2021-11-09,15.62,15.62,15.62,15.62,0
2021-11-10,15.62,15.62,15.62,15.62,1200
2021-11-11,15.62,15.67,15.62,15.67,1000
2021-11-12,15.67,16.19,15.67,16.19,1150
2021-11-15,16.06,16.24,16.06,16.24,325
2021-11-16,15.58,16.32,15.58,16.28,1200
2021-11-17,16.28,16.28,16.28,16.28,0
2021-11-18,16.19,16.24,16.19,16.24,4707
2021-11-19,16.24,16.24,16.24,16.24,1000
2021-11-22,16.24,16.24,16.24,16.24,100
2021-11-23,16.24,16.24,16.02,16.02,3910
2021-11-24,16.02,16.02,16.02,16.02,6500
2021-11-25,16.02,16.02,16.02,16.02,100
2021-11-26,16.02,16.02,16.02,16.02,606
2021-11-29,14.52,14.52,14.44,14.44,800
2021-11-30,14.44,14.44,14.44,14.44,0
2021-12-01,15.84,15.84,15.84,15.84,200
2021-12-02,15.01,15.36,14.96,15.36,19200
2021-12-03,15.36,15.36,15.36,15.36,10
2021-12-06,15.4,15.4,15.4,15.4,500
2021-12-07,15.67,15.71,15.36,15.36,7900
2021-12-08,15.36,15.36,15.36,15.36,0
2021-12-09,15.1,15.1,15.05,15.05,4666
2021-12-10,15.05,15.05,15.05,15.05,0
2021-12-13,15.75,15.75,15.05,15.05,500
2021-12-14,15.75,15.75,15.75,15.75,566
2021-12-15,15.75,15.75,15.75,15.75,76
2021-12-16,15.27,15.27,15.27,15.27,1018
2021-12-17,15.27,15.27,15.27,15.27,1000
2021-12-20,15.36,15.36,15.36,15.36,500
2021-12-21,15.36,15.36,15.36,15.36,100
2021-12-22,15.36,15.36,15.36,15.36,0
2021-12-23,15.36,15.36,15.36,15.36,1200
2021-12-24,15.36,15.36,15.36,15.36,300
2021-12-27,15.36,15.36,15.36,15.36,0
2021-12-28,15.36,15.36,15.36,15.36,0
2021-12-29,15.36,15.36,15.36,15.36,0
2021-12-30,15.14,15.58,15.14,15.36,2066
2021-12-31,15.36,15.36,15.36,15.36,600
2022-01-04,15.05,15.36,15.05,15.36,1500
2022-01-05,15.36,15.36,14.92,15.14,3103
2022-01-06,15.14,15.14,15.14,15.14,0
2022-01-07,15.14,15.14,15.14,15.14,0
2022-01-10,15.14,15.14,15.14,15.14,0
2022-01-11,15.14,15.14,15.14,15.14,0
2022-01-12,14.52,14.7,14.52,14.7,2000
2022-01-13,15.18,15.18,14.66,14.66,9100
2022-01-14,14.66,15.53,14.66,15.53,1200
2022-01-17,15.53,15.53,14.7,14.7,5700
2022-01-18,14.48,14.48,14.48,14.48,1000
2022-01-19,14.48,14.48,14.48,14.48,0
2022-01-20,14.48,14.48,14.48,14.48,0
2022-01-21,14.57,14.57,14.57,14.57,130
2022-01-24,14.7,14.7,14.7,14.7,300
2022-01-25,14.7,14.7,14.7,14.7,0
2022-01-26,14.7,14.7,14.7,14.7,0
2022-01-27,14.74,14.74,14.74,14.74,603
2022-01-28,14.74,14.74,14.74,14.74,0
2022-02-07,14.74,14.74,14.74,14.74,0
2022-02-08,16.15,16.15,16.15,16.15,100
2022-02-09,16.02,16.02,15.97,15.97,1300
2022-02-10,15.88,15.88,15.88,15.88,200
2022-02-11,15.88,15.88,15.88,15.88,0
2022-02-14,15.88,15.88,15.88,15.88,0
2022-02-15,14.83,14.83,14.83,14.83,152
2022-02-16,14.96,14.96,14.96,14.96,383
2022-02-17,16.46,16.46,16.46,16.46,100
2022-02-18,15.4,15.4,15.01,15.01,6053
2022-02-21,15.14,16.15,15.14,16.15,700
2022-02-22,16.15,16.15,16.15,16.15,200
2022-02-23,16.15,16.15,16.15,16.15,0
2022-02-24,15.71,16.02,15.71,16.02,2000
2022-02-25,15.8,15.8,15.8,15.8,1000
2022-02-28,15.8,15.8,15.8,15.8,39
2022-03-01,16.06,16.24,16.06,16.24,12779
2022-03-02,16.67,16.67,16.46,16.67,17300
2022-03-03,16.67,16.72,16.67,16.72,5600
2022-03-04,16.72,17.55,16.72,17.55,700
2022-03-07,16.67,18.43,16.67,18.43,8650
2022-03-08,17.55,17.64,17.55,17.64,400
2022-03-09,18.87,18.87,18.87,18.87,600
2022-03-10,18.87,18.87,18.87,18.87,5400
2022-03-11,18.43,19.75,18.43,19.75,5901
2022-03-14,18.91,18.91,18.87,18.87,1810
2022-03-15,19.31,19.53,19.31,19.53,1100
2022-03-16,19.75,19.97,19.75,19.97,5900
2022-03-17,19.75,20.19,19.09,20.19,7300
2022-03-18,18.65,18.65,18.65,18.65,400
2022-03-21,16.81,17.6,16.81,17.6,2000
2022-03-22,19.31,19.31,19.31,19.31,1500
2022-03-23,19.31,19.31,19.31,19.31,5033
2022-03-24,19.26,19.26,18.87,18.87,3000
2022-03-25,18.87,18.87,18.87,18.87,0
2022-03-28,19.97,19.97,19.97,19.97,6062
2022-03-29,19.75,21.06,19.75,21.06,13300
2022-03-30,21.94,21.94,21.94,21.94,1500
2022-03-31,21.06,21.94,21.06,21.94,17300
2022-04-01,20.62,22.82,20.62,21.94,6505
2022-04-04,21.94,21.94,21.94,21.94,0
2022-04-05,21.06,21.94,21.06,21.94,1228
2022-04-06,21.94,22.38,21.94,22.38,9700
2022-04-07,22.38,23.26,22.38,23.26,6300
2022-04-08,23.26,23.61,23.26,23.61,300
2022-04-12,23.61,24.57,23.61,24.57,5100
2022-04-13,24.57,24.71,24.57,24.71,4000
2022-04-14,26.77,26.77,25.89,25.89,2200
2022-04-15,25.89,26.33,25.89,26.33,1300
2022-04-18,26.33,28.74,26.33,27.65,143213
2022-04-19,27.64,27.64,27.64,27.64,31
2022-04-20,27.64,27.64,27.64,27.64,0
2022-04-21,27.64,27.64,27.64,27.64,0
2022-04-22,27.64,27.64,27.64,27.64,0
2022-04-25,27.29,27.29,27.24,27.24,1000
2022-04-26,27.24,27.24,27.24,27.24,0
2022-04-27,27.24,27.24,27.24,27.24,0
2022-04-28,24.56,24.56,24.56,24.56,100
2022-04-29,24.56,24.56,24.56,24.56,0
2022-05-04,22.14,22.14,22.14,22.14,100
2022-05-05,20.13,20.13,20.13,20.13,100
2022-05-06,18.12,18.12,18.12,18.12,300
2022-05-09,16.33,16.33,16.33,16.33,700
2022-05-10,16.33,16.33,16.33,16.33,1
2022-05-11,15.21,17.89,15.21,15.43,5044
2022-05-12,16.95,16.95,14.76,14.76,221
2022-05-13,14.76,14.76,14.76,14.76,0
2022-05-16,15.66,15.66,15.66,15.66,100
2022-05-17,15.66,15.66,15.66,15.66,0
2022-05-18,15.66,15.66,15.66,15.66,10
2022-05-19,15.66,15.66,15.66,15.66,0
2022-05-20,15.66,15.66,15.66,15.66,0
2022-05-23,15.66,15.66,15.66,15.66,0
2022-05-24,15.66,15.66,15.66,15.66,1000
2022-05-25,15.66,15.66,15.66,15.66,100
2022-05-26,15.66,15.66,15.66,15.66,0
2022-05-27,15.66,15.66,15.66,15.66,0
2022-05-30,15.66,15.66,15.66,15.66,0
2022-05-31,15.66,15.66,15.66,15.66,0
2022-06-01,15.66,15.66,15.66,15.66,0
2022-06-02,15.66,15.66,15.66,15.66,0
2022-06-03,14.4,14.4,14.4,14.4,500
2022-06-06,15.25,15.25,15.21,15.21,500
2022-06-07,15.21,15.21,15.21,15.21,0
2022-06-08,15.21,15.21,15.21,15.21,0
2022-06-09,15.21,15.21,15.21,15.21,0
2022-06-10,15.21,15.21,15.21,15.21,0
2022-06-13,15.21,15.21,15.21,15.21,100
2022-06-14,15.21,15.21,15.21,15.21,0
2022-06-15,15.21,15.21,15.21,15.21,0
2022-06-16,13.73,15.21,13.73,15.21,200
2022-06-17,14.76,14.76,14.76,14.76,200
2022-06-20,14.76,14.76,14.76,14.76,0
2022-06-21,14.76,14.76,14.76,14.76,0
2022-06-22,15.21,15.21,15.21,15.21,100
2022-06-23,15.21,15.21,15.21,15.21,0
2022-06-24,15.21,15.21,15.21,15.21,0
2022-06-27,16.73,16.73,16.68,16.73,500
2022-06-28,18.38,18.38,18.38,18.38,200
2022-06-29,19.01,19.01,19.01,19.01,200
2022-06-30,20.8,20.8,20.8,20.8,100
2022-07-01,20.8,20.8,20.8,20.8,0
2022-07-04,20.8,20.8,20.8,20.8,0
2022-07-05,20.8,20.8,20.8,20.8,0
2022-07-06,20.8,20.8,20.8,20.8,0
2022-07-07,18.74,18.74,18.74,18.74,100
2022-07-08,16.91,16.91,16.91,16.91,100
2022-07-11,15.25,15.25,15.25,15.25,145
2022-07-12,15.25,15.25,15.25,15.25,0
2022-07-13,15.25,15.25,15.25,15.25,0
2022-07-14,15.25,15.25,15.25,15.25,31
2022-07-15,15.25,15.25,15.25,15.25,26
2022-07-18,15.25,15.25,15.25,15.25,0
2022-07-19,15.25,15.25,15.25,15.25,0
2022-07-20,15.25,15.25,15.25,15.25,8
2022-07-21,15.25,15.25,15.25,15.25,0
2022-07-22,15.25,15.25,15.25,15.25,0
2022-07-25,15.25,15.25,15.25,15.25,0
2022-07-26,13.96,13.96,13.96,13.96,300
2022-07-27,13.96,13.96,13.96,13.96,12
2022-07-28,13.96,13.96,13.96,13.96,0
2022-07-29,13.96,13.96,13.96,13.96,0
2022-08-01,13.96,13.96,13.96,13.96,0
2022-08-02,15.34,15.34,15.34,15.34,1100
2022-08-03,15.34,15.34,15.34,15.34,500
2022-08-04,15.34,15.34,15.34,15.34,0
2022-08-05,15.34,15.34,15.34,15.34,0
2022-08-08,15.34,15.34,15.34,15.34,0
2022-08-09,15.34,15.34,15.34,15.34,0
2022-08-10,15.34,15.34,15.34,15.34,0
2022-08-11,16.1,16.1,16.1,16.1,500
2022-08-12,16.1,16.1,16.1,16.1,0
2022-08-15,16.1,16.1,16.1,16.1,0
2022-08-16,16.1,16.1,16.1,16.1,0
2022-08-17,17.71,17.71,17.45,17.45,200
2022-08-18,17.45,17.45,17.45,17.45,0
2022-08-19,17.45,17.45,17.45,17.45,0
2022-08-22,15.75,15.75,15.7,15.7,600
2022-08-23,15.7,15.7,15.7,15.7,0
2022-08-24,15.7,15.7,15.7,15.7,0
2022-08-25,15.7,15.7,15.7,15.7,0
2022-08-26,15.7,15.7,15.7,15.7,0
2022-08-29,15.7,15.7,15.7,15.7,0
2022-08-30,15.7,15.7,15.7,15.7,0
2022-08-31,15.25,15.25,15.21,15.21,603
2022-09-05,15.21,15.21,15.21,15.21,0
2022-09-06,15.21,15.21,15.21,15.21,1
2022-09-07,15.21,15.21,15.21,15.21,0
2022-09-08,15.21,15.21,15.21,15.21,0
2022-09-09,15.21,15.21,15.21,15.21,0
2022-09-12,15.21,15.21,15.21,15.21,78
2022-09-13,15.21,15.21,15.21,15.21,50
2022-09-14,15.21,15.21,15.21,15.21,2
2022-09-15,15.66,15.66,15.66,15.66,106
2022-09-16,15.66,15.66,15.66,15.66,176
2022-09-19,15.66,15.66,15.66,15.66,0
2022-09-20,15.66,15.66,15.66,15.66,0
2022-09-21,15.66,15.66,15.66,15.66,1266
2022-09-22,15.66,15.66,15.66,15.66,0
2022-09-23,15.66,15.66,15.66,15.66,66
2022-09-26,15.66,15.66,15.66,15.66,0
2022-09-27,15.66,15.66,15.66,15.66,0
2022-09-28,15.66,15.66,15.66,15.66,0
2022-09-29,15.66,15.66,15.66,15.66,100
2022-09-30,16.1,17.18,15.66,17.18,300
2022-10-03,17.18,17.18,17.18,17.18,1
2022-10-04,17.18,17.18,17.18,17.18,0
2022-10-05,17.18,17.18,17.18,17.18,50
2022-10-06,17.18,17.18,17.18,17.18,0
2022-10-07,17.18,17.18,17.18,17.18,13
2022-10-10,17.18,17.18,17.18,17.18,0
2022-10-11,17.18,17.18,17.18,17.18,0
2022-10-12,17.18,17.18,17.18,17.18,0
2022-10-13,15.48,15.48,15.48,15.48,100
2022-10-14,14.58,14.58,14.54,14.58,6895
2022-10-17,14.58,14.58,14.58,14.58,0
2022-10-18,15.66,15.66,15.66,15.66,2500
2022-10-19,15.66,15.66,15.66,15.66,33
2022-10-20,15.66,15.66,15.66,15.66,0
2022-10-21,15.66,15.66,15.66,15.66,0
2022-10-24,15.66,15.66,15.66,15.66,100
2022-10-25,14.98,14.98,14.76,14.76,10000
2022-10-26,14.98,15.21,14.98,15.21,50200
2022-10-27,15.21,15.21,15.21,15.21,0
2022-10-28,15.21,15.21,15.21,15.21,20
2022-10-31,15.21,15.21,15.21,15.21,46
2022-11-01,15.21,15.21,15.21,15.21,0
2022-11-02,15.21,15.21,15.21,15.21,0
2022-11-03,15.21,15.21,15.21,15.21,0
2022-11-04,15.21,15.21,15.21,15.21,0
2022-11-07,15.21,15.21,15.21,15.21,20
2022-11-08,15.21,15.21,15.21,15.21,0
2022-11-09,15.21,15.21,15.21,15.21,0
2022-11-10,15.21,15.21,15.21,15.21,0
2022-11-11,15.21,15.21,15.21,15.21,0
2022-11-14,15.21,15.21,15.21,15.21,14
2022-11-15,15.21,15.21,15.21,15.21,0
2022-11-16,15.21,15.21,15.21,15.21,0
2022-11-17,15.21,15.21,15.21,15.21,0
2022-11-18,15.21,15.21,15.21,15.21,0
2022-11-21,15.21,15.21,15.21,15.21,0
2022-11-22,15.21,15.21,15.21,15.21,71
2022-11-23,15.21,15.21,15.21,15.21,0
2022-11-24,15.21,15.21,15.21,15.21,0
2022-11-25,15.21,15.21,15.21,15.21,0
2022-11-28,15.21,15.21,15.21,15.21,0
2022-11-29,15.21,15.21,15.21,15.21,66
2022-11-30,15.21,15.21,15.21,15.21,0
2022-12-01,15.21,15.21,15.21,15.21,0
2022-12-02,15.21,15.21,15.21,15.21,3
2022-12-05,15.21,15.21,15.21,15.21,0
2022-12-06,13.91,13.91,13.91,13.91,133
2022-12-07,13.91,13.91,13.91,13.91,0
2022-12-08,13.91,15.3,13.87,15.3,1100
2022-12-09,15.3,15.3,15.3,15.3,200
2022-12-12,15.3,15.3,15.3,15.3,800
2022-12-13,15.3,15.3,15.3,15.3,12
2022-12-14,15.3,15.3,15.3,15.3,32
2022-12-15,15.3,15.3,15.3,15.3,0
2022-12-16,15.3,15.3,15.3,15.3,0
2022-12-19,15.3,15.3,15.3,15.3,21
2022-12-20,15.43,15.43,15.43,15.43,1166
2022-12-21,15.43,15.43,15.43,15.43,0
2022-12-22,15.43,15.43,15.43,15.43,0
2022-12-23,16.95,16.95,16.95,16.95,300
2022-12-26,16.95,16.95,16.95,16.95,0
2022-12-27,18.52,18.56,18.52,18.56,200
2022-12-28,16.73,16.73,16.73,16.73,200
2022-12-29,18.38,18.38,18.38,18.38,1200
2022-12-30,16.55,19.68,16.55,19.68,3000
2023-01-03,21.65,21.65,21.65,21.65,29200
2023-01-04,21.65,21.65,21.65,21.65,0
2023-01-05,19.68,19.68,19.68,19.68,100
2023-01-06,17.71,17.71,17.71,17.71,100
2023-01-09,17.71,17.71,17.71,17.71,0
2023-01-10,15.97,15.97,15.97,15.97,100
2023-01-11,15.66,15.66,15.66,15.66,2100
2023-01-12,15.66,15.66,15.66,15.66,0
2023-01-13,15.66,15.66,15.66,15.66,10
2023-01-16,15.66,15.66,15.66,15.66,1000
2023-01-17,15.66,15.66,15.66,15.66,1038
2023-01-18,15.66,15.66,15.66,15.66,1300
2023-01-19,15.66,15.66,15.66,15.66,6
2023-01-27,15.66,15.66,15.66,15.66,0
2023-01-30,15.66,15.66,15.66,15.66,0
2023-01-31,15.66,15.66,15.66,15.66,5100
2023-02-01,15.66,15.66,15.66,15.66,4000
2023-02-02,15.66,15.66,15.66,15.66,0
2023-02-03,15.66,15.66,15.66,15.66,0
2023-02-06,15.66,15.66,15.66,15.66,0
2023-02-07,15.66,15.66,15.66,15.66,6000
2023-02-08,15.66,15.66,15.66,15.66,0
2023-02-09,16.55,16.55,16.55,16.55,9000
2023-02-10,14.98,14.98,14.98,14.98,100
2023-02-13,14.98,14.98,14.98,14.98,0
2023-02-14,14.98,14.98,14.98,14.98,0
2023-02-15,15.66,15.66,15.66,15.66,3000
2023-02-16,15.66,15.66,15.66,15.66,2400
2023-02-17,14.58,14.58,14.36,14.36,500
2023-02-20,15.66,15.66,15.66,15.66,500
2023-02-21,15.66,15.66,15.66,15.66,900
2023-02-22,15.66,15.66,15.66,15.66,0
2023-02-23,15.66,15.66,15.66,15.66,0
2023-02-24,14.4,14.4,14.09,14.09,1000
2023-02-27,14.09,14.09,14.09,14.09,0
2023-02-28,14.36,15.43,14.31,15.43,3500
2023-03-01,15.43,15.48,15.43,15.48,500
2023-03-02,16.01,16.01,16.01,16.01,100
2023-03-03,16.01,16.01,16.01,16.01,0
2023-03-06,16.91,16.91,16.91,16.91,150
2023-03-07,16.91,16.91,16.91,16.91,0
2023-03-08,16.91,16.91,16.91,16.91,0
2023-03-09,16.91,16.91,16.91,16.91,0
2023-03-10,15.3,15.3,15.3,15.3,2400
2023-03-13,14.13,14.13,14.13,14.13,100
2023-03-14,14.31,14.76,14.31,14.76,1600
2023-03-15,16.24,16.24,14.9,14.9,200
2023-03-16,14.4,14.4,14.4,14.4,100
2023-03-17,15.43,15.43,15.43,15.43,1100
2023-03-20,15.43,15.43,15.43,15.43,0
2023-03-21,15.43,15.43,15.43,15.43,0
2023-03-22,15.66,15.66,15.66,15.66,1836
2023-03-23,16.77,16.77,16.1,16.1,400
2023-03-24,16.1,16.1,16.1,16.1,100
2023-03-27,16.1,16.1,16.1,16.1,0
2023-03-28,16.1,16.1,16.1,16.1,6
2023-03-29,16.1,16.1,16.1,16.1,0
2023-03-30,16.1,16.1,16.1,16.1,0
2023-03-31,16.1,16.1,16.1,16.1,1
2023-04-03,16.1,16.1,16.1,16.1,600
2023-04-04,16.1,16.1,16.1,16.1,0
2023-04-05,16.1,16.1,16.1,16.1,0
2023-04-06,16.1,16.1,16.1,16.1,0
2023-04-07,14.98,14.98,14.98,14.98,1900
2023-04-10,15.88,16.1,15.88,16.1,3019
2023-04-11,15.88,16.1,15.88,16.1,1300
2023-04-12,14.54,14.54,14.54,14.54,685
2023-04-13,14.54,14.54,14.54,14.54,0
2023-04-14,15.66,15.66,15.66,15.66,400
2023-04-17,15.7,17.18,15.7,16.1,604
2023-04-18,17.22,17.22,17.0,17.22,600
2023-04-19,17.22,17.22,17.0,17.22,1808
2023-04-20,17.18,17.85,17.13,17.85,2796
2023-04-21,18.56,18.56,18.56,18.56,105
2023-04-24,20.13,20.31,18.56,18.56,87894
2023-04-25,18.56,18.56,18.56,18.56,0
2023-04-26,18.56,18.56,18.56,18.56,0
2023-04-27,17.22,17.22,17.22,17.22,100
2023-04-28,17.22,17.22,17.22,17.22,1
2023-05-04,17.22,17.22,17.22,17.22,0
2023-05-05,17.22,17.22,17.22,17.22,1
2023-05-08,15.7,17.22,15.52,17.22,538
2023-05-09,17.22,17.22,17.22,17.22,0
2023-05-10,17.45,17.45,17.45,17.45,236
2023-05-11,17.45,17.45,17.45,17.45,100
2023-05-12,16.33,17.45,16.33,17.45,600
2023-05-15,17.89,17.89,17.85,17.89,400
2023-05-16,17.89,17.89,17.89,17.89,1000
2023-05-17,17.89,17.89,17.89,17.89,300
2023-05-18,18.34,18.34,18.34,18.34,100
2023-05-19,18.34,18.34,18.34,18.34,0
2023-05-22,18.34,18.34,18.34,18.34,1
2023-05-23,18.79,18.79,18.34,18.34,300
2023-05-24,16.51,20.13,16.51,20.13,2200
2023-05-25,18.79,18.79,18.79,18.79,100
2023-05-26,18.79,20.13,18.79,20.13,2101
2023-05-29,20.13,20.49,20.13,20.4,1700
2023-05-30,20.4,20.4,20.4,20.4,0
2023-05-31,20.35,20.35,20.35,20.35,300
2023-06-01,20.67,20.67,20.67,20.67,100
2023-06-02,20.67,20.67,20.67,20.67,0
2023-06-05,20.67,20.67,20.67,20.67,0
2023-06-06,20.67,20.67,20.67,20.67,0
2023-06-07,21.13,21.13,21.13,21.13,100
2023-06-08,19.3,21.13,19.3,20.77,400
2023-06-09,20.77,20.77,20.77,20.77,0
2023-06-12,20.77,20.77,20.77,20.77,0
2023-06-13,20.77,20.77,20.77,20.77,0
2023-06-14,20.77,20.77,20.77,20.77,80
2023-06-15,21.13,21.13,21.13,21.13,200
2023-06-16,21.13,21.13,21.13,21.13,0
2023-06-19,21.13,21.13,21.13,21.13,0
2023-06-20,21.13,21.13,21.13,21.13,0
2023-06-21,21.13,21.13,21.13,21.13,0
2023-06-22,21.13,21.13,21.13,21.13,0
2023-06-23,21.13,21.13,21.13,21.13,20
2023-06-26,21.13,21.13,21.13,21.13,0
2023-06-27,21.13,21.13,21.13,21.13,0
2023-06-28,21.13,21.13,21.13,21.13,0
2023-06-29,21.13,21.13,21.13,21.13,100
2023-06-30,21.13,21.13,21.13,21.13,0
2023-07-03,21.13,21.13,21.13,21.13,0
2023-07-04,21.13,21.13,21.13,21.13,0
2023-07-05,21.13,21.13,21.13,21.13,0
2023-07-06,21.13,21.13,21.13,21.13,0
2023-07-07,21.13,21.13,21.13,21.13,0
2023-07-10,21.32,21.32,21.32,21.32,1500
2023-07-11,21.32,21.32,21.32,21.32,1800
2023-07-12,21.32,21.32,21.32,21.32,502
2023-07-13,19.2,19.2,19.2,19.2,566
2023-07-14,21.09,21.09,21.04,21.04,1100
2023-07-17,21.04,21.04,21.04,21.04,0
2023-07-18,21.13,21.13,21.13,21.13,500
2023-07-19,21.23,21.23,21.23,21.23,500
2023-07-20,19.11,21.36,19.11,21.36,200
2023-07-21,21.36,21.36,21.36,21.36,0
2023-07-24,21.36,21.36,21.36,21.36,0
2023-07-25,21.36,21.36,21.36,21.36,0
2023-07-26,19.3,21.36,19.3,21.13,2234
2023-07-27,21.13,21.13,21.13,21.13,66
2023-07-28,21.09,21.09,21.09,21.09,100
2023-07-31,23.11,23.11,21.0,21.0,200
2023-08-01,20.67,20.67,20.67,20.67,600
2023-08-02,20.67,20.67,20.67,20.67,2537
2023-08-03,20.67,20.67,20.67,20.67,5700
2023-08-04,20.67,20.67,20.67,20.67,0
2023-08-07,20.67,21.09,20.67,21.09,300
2023-08-08,21.09,21.09,21.09,21.09,33
2023-08-09,21.09,21.09,21.09,21.09,1
2023-08-10,19.3,19.3,19.3,19.3,1452
2023-08-11,19.3,19.3,19.3,19.3,0
2023-08-14,20.67,21.18,20.67,21.18,1618
2023-08-15,21.18,21.18,21.18,21.18,66
2023-08-16,21.13,21.13,21.13,21.13,100
2023-08-17,21.13,21.13,21.13,21.13,0
2023-08-18,19.02,19.02,19.02,19.02,100
2023-08-21,20.67,20.67,20.67,20.67,459
2023-08-22,20.67,20.67,20.67,20.67,0
2023-08-23,20.67,20.67,20.67,20.67,100
2023-08-24,20.67,20.67,20.67,20.67,57
2023-08-25,20.67,20.67,20.67,20.67,33
2023-08-28,20.9,20.9,20.9,20.9,200
2023-08-29,20.9,20.9,20.9,20.9,200
2023-08-30,20.9,21.36,20.9,21.36,300
2023-08-31,21.36,21.36,21.36,21.36,0
2023-09-05,21.41,21.41,21.41,21.41,200
2023-09-06,21.41,21.41,21.41,21.41,0
2023-09-07,21.41,21.41,21.41,21.41,200
2023-09-08,20.9,21.41,20.9,20.9,700
2023-09-11,20.9,20.9,20.9,20.9,0
2023-09-12,21.13,21.13,20.9,20.9,300
2023-09-13,20.9,20.9,20.9,20.9,0
2023-09-14,20.9,21.92,20.9,20.9,6433
2023-09-15,20.9,20.9,20.9,20.9,0
2023-09-18,20.9,20.9,20.9,20.9,0
2023-09-19,20.9,20.9,20.9,20.9,0
2023-09-20,20.9,20.9,20.9,20.9,0
2023-09-21,21.13,21.13,21.13,21.13,200
2023-09-22,21.13,21.13,20.67,20.67,1700
2023-09-25,20.67,20.67,20.67,20.67,200
2023-09-26,20.67,20.67,20.67,20.67,1700
2023-09-27,19.11,20.67,19.11,20.67,600
2023-09-28,20.67,20.67,20.67,20.67,200
2023-09-29,20.77,22.74,20.67,22.74,2200
2023-10-02,20.49,21.13,20.49,21.13,240
2023-10-03,21.13,21.13,21.13,21.13,0
2023-10-04,21.13,21.13,21.13,21.13,506
2023-10-05,20.95,20.95,20.95,20.95,1000
2023-10-06,20.95,20.95,20.95,20.95,200
2023-10-09,20.95,20.95,20.95,20.95,501
2023-10-10,20.95,20.95,20.95,20.95,0
2023-10-11,20.95,20.95,20.95,20.95,19
2023-10-12,20.22,20.22,20.22,20.22,502
2023-10-13,20.22,20.22,20.22,20.22,2
2023-10-16,20.45,20.9,20.45,20.9,1000
2023-10-17,20.9,20.9,20.9,20.9,0
2023-10-18,20.9,20.9,20.9,20.9,0
2023-10-19,20.9,20.9,20.9,20.9,500
2023-10-20,21.13,21.13,21.13,21.13,200
2023-10-23,21.13,21.41,21.13,21.18,900
2023-10-24,21.41,21.41,21.41,21.41,300
2023-10-25,21.41,21.41,21.41,21.41,300
2023-10-26,21.41,21.41,21.41,21.41,0
2023-10-27,21.41,21.5,21.41,21.5,6200
2023-10-30,21.5,21.5,21.5,21.5,0
2023-10-31,21.5,21.5,21.5,21.5,500
2023-11-01,21.59,21.59,21.59,21.59,200
2023-11-02,21.36,21.36,21.36,21.36,204
2023-11-03,21.36,21.36,21.36,21.36,0
2023-11-06,21.36,21.36,21.36,21.36,0
2023-11-07,21.36,21.36,21.36,21.36,0
2023-11-08,21.36,21.36,21.36,21.36,0
2023-11-09,21.36,21.36,21.36,21.36,0
2023-11-10,21.59,21.59,21.59,21.59,100
2023-11-13,21.59,21.59,21.59,21.59,200
2023-11-14,21.64,21.92,21.64,21.64,600
2023-11-15,21.69,22.97,21.69,22.97,800
2023-11-16,22.97,22.97,22.97,22.97,1
2023-11-17,22.93,22.97,22.93,22.97,1800
2023-11-20,22.97,22.97,22.97,22.97,1100
2023-11-21,22.97,22.97,22.97,22.97,1000
2023-11-22,22.97,22.97,22.97,22.97,300
2023-11-23,22.97,22.97,22.97,22.97,100
2023-11-24,22.97,22.97,22.97,22.97,0
2023-11-27,22.97,22.97,22.97,22.97,500
2023-11-28,22.97,22.97,22.97,22.97,0
2023-11-29,22.97,22.97,22.97,22.97,0
2023-11-30,22.97,22.97,22.97,22.97,1500
2023-12-01,22.97,22.97,22.97,22.97,0
2023-12-04,22.97,22.97,22.97,22.97,500
2023-12-05,22.97,22.97,22.97,22.97,520
2023-12-06,22.97,22.97,22.97,22.97,10
2023-12-07,22.97,22.97,22.97,22.97,566
2023-12-08,22.97,22.97,22.97,22.97,1116
2023-12-11,22.97,22.97,22.97,22.97,9010
2023-12-12,23.2,23.2,23.2,23.2,110
2023-12-13,23.66,23.66,23.66,23.66,310
2023-12-14,23.66,23.66,23.66,23.66,1666
2023-12-15,21.59,23.43,21.59,23.43,50800
2023-12-18,23.43,23.43,23.43,23.43,0
2023-12-19,23.43,23.43,23.43,23.43,0
2023-12-20,23.43,23.43,23.43,23.43,0
2023-12-21,23.43,23.43,23.43,23.43,20
2023-12-22,21.82,21.82,21.82,21.82,8000
2023-12-25,21.82,21.82,21.82,21.82,0
2023-12-26,23.89,23.89,23.89,23.89,122
2023-12-27,23.89,23.89,23.89,23.89,0
2023-12-28,23.89,23.89,23.89,23.89,0
2023-12-29,23.89,23.89,23.89,23.89,0
2024-01-02,23.66,23.66,23.66,23.66,100
2024-01-03,25.96,25.96,23.89,23.89,600
2024-01-04,23.89,23.89,23.89,23.89,100
2024-01-05,23.66,23.66,23.66,23.66,1000
2024-01-08,23.84,23.89,23.84,23.89,222
2024-01-09,26.28,26.28,23.8,26.19,1502
2024-01-10,25.04,25.27,25.04,25.27,2200
2024-01-11,25.27,25.27,23.94,24.35,1500
2024-01-12,24.35,24.35,24.35,24.35,6
2024-01-15,22.05,22.14,22.05,22.14,300
2024-01-16,22.14,22.14,22.14,22.14,0
2024-01-17,22.51,22.51,22.51,22.51,219
2024-01-18,21.59,21.59,20.67,20.67,1000
2024-01-19,22.74,22.74,22.74,22.74,200
2024-01-22,22.74,22.74,22.74,22.74,0
2024-01-23,22.74,22.74,22.74,22.74,200
2024-01-24,22.7,22.7,22.7,22.7,400
2024-01-25,22.7,22.7,22.7,22.7,0
2024-01-26,22.7,22.7,22.7,22.7,0
2024-01-29,22.7,22.7,21.5,21.5,5100
2024-01-30,21.23,22.51,21.23,22.51,866
2024-01-31,22.83,22.83,22.51,22.51,800
2024-02-01,22.51,22.51,22.51,22.51,10
2024-02-02,22.51,22.51,22.51,22.51,20139
2024-02-05,22.51,22.51,22.51,22.51,0
2024-02-06,22.51,22.51,22.51,22.51,66
2024-02-07,22.51,22.51,22.51,22.51,0
2024-02-15,22.51,22.51,22.51,22.51,0
2024-02-16,21.0,21.27,21.0,21.27,3183
2024-02-19,21.27,21.27,21.27,21.27,15000
2024-02-20,21.27,21.27,21.27,21.27,0
2024-02-21,21.27,21.27,21.27,21.27,100
2024-02-22,21.27,21.27,21.27,21.27,0
2024-02-23,20.67,21.27,20.67,21.27,400
2024-02-26,21.27,21.27,21.27,21.27,0
2024-02-27,21.27,21.27,21.27,21.27,0
2024-02-28,21.27,21.27,21.27,21.27,0
2024-02-29,21.27,21.27,21.27,21.27,10
2024-03-01,21.27,21.27,21.27,21.27,0
2024-03-04,21.27,21.27,21.27,21.27,1
2024-03-05,21.27,21.27,21.27,21.27,200
2024-03-06,21.27,21.27,21.27,21.27,0
2024-03-07,21.27,21.27,21.27,21.27,100
2024-03-08,21.27,21.27,21.27,21.27,0
2024-03-11,22.83,22.83,20.08,20.08,14500
2024-03-12,20.08,20.08,20.08,20.08,100
2024-03-13,20.08,20.08,20.08,20.08,0
2024-03-14,20.08,20.08,20.08,20.08,0
2024-03-15,19.3,21.92,19.3,21.92,200
2024-03-18,21.5,21.5,21.5,21.5,200
2024-03-19,21.09,21.09,21.09,21.09,100
2024-03-20,20.86,20.86,20.86,20.86,1601
2024-03-21,20.81,20.81,20.63,20.63,700
2024-03-22,19.3,20.49,18.84,20.49,9200
2024-03-25,20.49,20.49,20.49,20.49,0
2024-03-26,18.93,19.3,18.47,18.61,13000
2024-03-27,19.25,19.25,19.2,19.2,2600
2024-03-28,19.3,19.3,18.19,18.19,2857
2024-03-29,19.43,19.43,17.18,17.18,10200
2024-04-01,18.7,18.7,16.63,16.63,8000
2024-04-02,16.26,18.15,16.26,18.15,200
2024-04-03,18.93,18.93,16.72,16.72,200
2024-04-04,18.29,18.29,15.85,18.06,10726
2024-04-05,18.06,18.06,18.06,18.06,0
2024-04-08,18.06,18.06,18.06,18.06,0
2024-04-09,18.06,18.06,18.06,18.06,0
2024-04-10,18.06,18.06,18.06,18.06,0
2024-04-11,19.62,19.62,19.62,19.62,101
2024-04-12,17.73,19.11,17.69,18.75,1068
2024-04-15,16.91,17.92,16.91,16.91,6170
2024-04-16,18.24,18.24,18.24,18.24,105
2024-04-17,16.91,16.91,16.49,16.49,1100
2024-04-19,16.54,17.83,16.31,16.31,2103
2024-04-22,17.83,17.83,16.31,17.55,2106
2024-04-23,17.55,17.55,17.55,17.55,0
2024-04-24,17.55,17.55,17.55,17.55,0
2024-04-25,18.84,18.84,16.63,18.19,300
2024-04-26,16.63,16.63,16.63,16.63,200
2024-05-02,16.59,18.01,16.59,18.01,200
2024-05-03,17.92,17.92,17.92,17.92,100
2024-05-06,16.13,18.24,16.13,18.24,220
2024-05-07,19.07,19.07,19.07,19.07,100
2024-05-08,18.65,18.65,17.18,18.15,16422
2024-05-09,18.15,18.15,18.15,18.15,20
2024-05-10,17.92,19.57,17.23,19.57,4312
2024-05-13,19.25,19.34,17.64,18.06,6736
2024-05-14,17.69,17.69,17.69,17.69,1000
2024-05-15,16.63,16.63,16.59,16.59,266
2024-05-16,18.15,18.15,17.69,17.69,1100
2024-05-17,17.69,17.69,17.69,17.69,1325
2024-05-20,17.5,17.6,17.5,17.5,1444
2024-05-21,17.87,17.87,17.87,17.87,107
2024-05-22,17.87,17.87,17.87,17.87,20
2024-05-23,17.87,17.87,17.83,17.83,300
2024-05-24,17.83,17.83,17.83,17.83,100
2024-05-27,17.83,18.1,16.77,18.1,1305
2024-05-28,17.69,17.69,17.69,17.69,900
2024-05-29,17.69,18.19,17.69,18.19,2500
2024-05-30,17.73,17.73,17.73,17.73,100
2024-05-31,17.78,17.78,17.73,17.73,1000
2024-06-03,17.73,17.73,17.73,17.73,2291
2024-06-04,17.83,17.92,17.78,17.92,538
2024-06-05,18.15,19.48,18.15,19.07,4904
2024-06-06,19.71,19.71,19.53,19.53,4284
2024-06-07,19.07,19.07,19.07,19.07,100
2024-06-10,19.48,19.48,19.3,19.3,1639
2024-06-11,19.3,19.3,18.61,18.61,1611
2024-06-12,19.43,19.43,19.43,19.43,100
2024-06-13,19.43,19.43,19.43,19.43,19
2024-06-14,19.43,19.43,19.34,19.34,300
2024-06-17,19.34,19.34,19.34,19.34,0
2024-06-18,17.92,17.92,17.6,17.92,110575
2024-06-19,18.19,19.25,17.92,19.25,40797
2024-06-20,20.22,20.22,18.15,18.19,11635
2024-06-21,18.38,18.84,18.15,18.24,12728
2024-06-24,18.19,18.61,18.19,18.29,5949
2024-06-25,18.33,18.61,18.29,18.56,7830
2024-06-26,20.22,20.22,18.38,18.42,2880
2024-06-27,18.42,18.75,18.29,18.33,5633
2024-06-28,18.33,18.47,18.33,18.38,7522
2024-07-01,18.38,18.38,18.38,18.38,4847
2024-07-02,18.42,18.42,18.38,18.42,2499
2024-07-03,19.09,19.09,18.38,19.09,16020
2024-07-04,18.85,18.85,18.61,18.61,9697
2024-07-05,18.61,18.71,18.61,18.71,1944
2024-07-08,18.71,18.71,18.61,18.61,6907
2024-07-09,18.61,18.61,18.38,18.61,23815
2024-07-10,18.38,18.66,18.38,18.66,1508
2024-07-11,18.66,18.66,18.61,18.61,3385
2024-07-12,18.61,18.61,18.61,18.61,122
2024-07-15,18.61,19.09,18.38,18.57,4839
2024-07-16,18.61,19.09,18.61,18.9,5605
2024-07-17,18.85,18.85,18.85,18.85,494
2024-07-18,18.85,19.04,18.85,18.85,26343
2024-07-19,18.85,19.09,18.85,19.09,400
2024-07-22,19.09,19.33,18.76,19.09,41086
2024-07-23,18.9,18.95,18.9,18.95,2000
2024-07-24,18.61,19.0,18.61,18.85,9629
2024-07-25,18.85,19.04,18.85,19.04,32000
2024-07-26,18.85,18.85,18.76,18.76,200
2024-07-29,18.76,18.76,18.76,18.76,1834
2024-07-30,18.61,18.85,18.61,18.85,39297
2024-07-31,18.85,18.85,18.85,18.85,0
2024-08-01,18.85,18.85,18.85,18.85,0
2024-08-02,18.38,18.47,18.38,18.47,200
2024-08-05,18.47,18.85,18.14,18.61,41300
2024-08-06,18.38,18.42,18.38,18.42,433
2024-08-07,18.61,18.9,18.61,18.9,55000
2024-08-08,18.9,18.9,18.9,18.9,5
2024-08-09,18.61,19.38,18.61,19.38,57280
2024-08-12,18.9,19.19,18.9,19.19,7604
2024-08-13,17.28,20.52,17.28,19.95,29642
2024-08-14,19.76,19.95,19.43,19.43,5913
2024-08-15,19.09,19.43,19.09,19.43,2400
2024-08-16,19.33,19.43,19.33,19.38,10560
2024-08-19,19.38,19.38,19.38,19.38,4000
2024-08-20,19.57,19.57,19.57,19.57,100
2024-08-21,19.57,19.57,19.52,19.57,1733
2024-08-22,18.9,19.57,18.9,19.57,10900
2024-08-23,19.57,19.57,19.57,19.57,30
2024-08-26,19.57,19.57,19.57,19.57,0
2024-08-27,19.09,19.57,19.09,19.57,38800
2024-08-28,19.57,19.57,19.57,19.57,1205
2024-08-29,19.81,19.81,19.33,19.33,2901
2024-08-30,18.9,20.52,18.9,20.52,203
2024-09-04,18.47,19.43,18.47,19.43,39902
2024-09-05,19.43,19.43,19.43,19.43,0
2024-09-06,19.33,19.62,19.33,19.43,4200
2024-09-09,19.43,19.57,19.43,19.57,33202
2024-09-10,19.57,20.05,19.57,19.86,12910
2024-09-11,19.86,19.86,19.86,19.86,0
2024-09-12,18.66,20.05,18.66,20.05,29437
2024-09-13,20.0,20.05,20.0,20.05,500
2024-09-16,18.61,20.0,18.61,20.0,1317
2024-09-17,19.09,19.09,19.09,19.09,1505
2024-09-18,19.09,19.09,19.09,19.09,1201
2024-09-19,19.09,19.19,19.09,19.19,1200
2024-09-20,19.14,19.57,19.14,19.33,8612
2024-09-23,19.19,19.52,19.19,19.52,6280
2024-09-24,19.52,19.52,19.52,19.52,194
2024-09-25,19.33,19.57,19.33,19.57,3345
2024-09-26,19.57,19.81,19.57,19.81,4364
2024-09-27,19.81,19.81,19.81,19.81,17
2024-09-30,19.57,19.57,19.57,19.57,190
2024-10-01,20.5,20.5,20.5,20.5,100
2024-10-02,20.5,20.5,20.5,20.5,117
2024-10-03,20.06,20.3,20.06,20.06,11055
2024-10-04,20.06,20.16,20.06,20.16,2100
2024-10-07,20.16,20.16,20.16,20.16,72
2024-10-08,20.06,20.11,20.06,20.11,1802
2024-10-09,19.96,20.11,19.96,20.01,2170
2024-10-10,20.3,20.3,20.3,20.3,100
2024-10-11,19.86,19.86,19.81,19.81,2310
2024-10-14,20.06,20.06,20.06,20.06,11320
2024-10-15,20.06,20.06,20.06,20.06,34
2024-10-16,20.06,20.06,20.06,20.06,0
2024-10-17,20.01,20.01,19.86,19.86,1734
2024-10-18,19.86,19.86,19.86,19.86,18
2024-10-21,19.86,19.86,19.86,19.86,2
2024-10-22,20.06,20.06,20.01,20.01,7233
2024-10-23,19.96,19.96,19.72,19.72,3000
2024-10-24,19.96,19.96,19.96,19.96,500
2024-10-25,19.91,19.91,19.91,19.91,300
2024-10-28,19.81,19.86,19.57,19.57,917
2024-10-29,19.62,19.62,19.57,19.57,1002
2024-10-30,19.57,19.57,19.57,19.57,0
2024-10-31,19.57,19.62,19.57,19.62,816
2024-11-01,19.67,19.81,19.67,19.72,5100
2024-11-04,19.57,19.72,19.57,19.72,2553
2024-11-05,19.81,19.81,19.62,19.62,3205
2024-11-06,19.62,19.62,19.62,19.62,24
2024-11-07,19.62,19.62,19.62,19.62,0
2024-11-08,19.62,19.81,19.62,19.81,12749
2024-11-11,19.67,19.81,19.67,19.81,21679
2024-11-12,19.67,19.81,19.62,19.81,44093
2024-11-13,19.57,19.62,19.57,19.62,1300
2024-11-14,19.37,19.62,19.37,19.62,21164
2024-11-15,19.37,19.62,19.37,19.57,6400
2024-11-18,19.52,19.57,19.42,19.42,4076
2024-11-19,19.47,19.67,19.47,19.67,21376
2024-11-20,19.52,19.57,19.47,19.57,3100
2024-11-21,19.42,19.52,19.37,19.47,6266
2024-11-22,19.42,19.52,19.42,19.52,441
2024-11-25,19.47,19.47,19.32,19.32,1100
2024-11-26,19.18,19.37,19.18,19.37,500
2024-11-27,19.32,19.37,19.28,19.28,900
2024-11-28,19.32,19.32,19.32,19.32,101
2024-11-29,19.47,19.47,19.47,19.47,1100
2024-12-02,19.47,19.57,17.56,19.52,5399
2024-12-03,19.37,19.76,19.37,19.76,4400
2024-12-04,19.57,19.57,19.57,19.57,300
2024-12-05,19.57,19.57,19.57,19.57,400
2024-12-06,20.01,20.06,17.61,20.01,14608
2024-12-09,19.91,19.91,19.57,19.57,1405
2024-12-10,19.57,19.76,19.57,19.57,7129
2024-12-11,19.08,19.81,19.08,19.62,13633
2024-12-12,19.18,19.81,19.18,19.81,20901
2024-12-13,19.57,19.67,19.57,19.67,331
2024-12-16,19.67,19.72,19.57,19.72,2326
2024-12-17,19.72,19.72,19.57,19.62,6139
2024-12-18,19.32,20.06,19.32,20.06,20126
2024-12-19,20.01,20.06,20.01,20.01,3766
2024-12-20,19.57,19.57,19.57,19.57,1121
2024-12-23,19.57,19.81,19.57,19.81,2101
2024-12-24,19.76,20.01,19.76,19.81,3950
2024-12-25,19.62,19.76,19.62,19.76,2103
2024-12-26,19.76,19.76,19.76,19.76,143
2024-12-27,19.76,19.86,19.76,19.76,3958
2024-12-30,19.76,19.81,19.76,19.81,3600
2024-12-31,19.81,19.81,19.81,19.81,457
2025-01-02,19.81,19.81,19.81,19.81,3562
2025-01-03,19.81,19.91,19.81,19.86,4100
2025-01-06,19.81,19.81,19.81,19.81,202
2025-01-07,19.81,19.91,19.81,19.91,1654
2025-01-08,19.91,19.91,19.91,19.91,1
2025-01-09,19.81,19.81,19.81,19.81,1301
2025-01-10,19.81,19.81,19.81,19.81,1
2025-01-13,19.81,19.81,19.81,19.81,100
2025-01-14,19.81,20.01,19.81,19.86,5202
2025-01-15,19.86,19.86,19.86,19.86,2
2025-01-16,20.01,20.01,19.81,19.81,500
2025-01-17,19.81,20.06,19.81,20.06,8100
2025-01-20,20.06,20.06,20.06,20.06,102
2025-01-21,19.81,19.96,19.81,19.96,600
2025-01-22,19.67,19.67,19.57,19.57,3101
2025-01-23,19.62,19.67,19.62,19.67,1800
2025-01-24,20.06,20.06,20.06,20.06,300
2025-02-03,20.06,20.06,20.06,20.06,3580
2025-02-04,19.76,19.81,19.76,19.81,1128
2025-02-05,20.06,20.16,20.06,20.06,5801
2025-02-06,20.3,20.55,20.3,20.3,11100
2025-02-07,20.3,20.3,20.3,20.3,4428
2025-02-10,20.3,20.4,20.06,20.4,8700
2025-02-11,20.55,20.55,20.35,20.35,727
2025-02-12,20.55,20.55,20.55,20.55,1400
2025-02-13,20.55,21.04,20.55,20.6,8257
2025-02-14,20.55,20.6,20.55,20.6,300
2025-02-17,20.55,20.69,20.55,20.69,3400
2025-02-18,20.69,21.04,20.69,20.69,6973
2025-02-19,20.55,21.43,19.13,21.43,16400
2025-02-20,19.91,20.55,19.91,20.55,600
2025-02-21,20.55,21.04,20.55,21.04,3100
2025-02-24,20.79,21.04,20.79,21.04,2420
2025-02-25,21.04,21.04,21.04,21.04,0
2025-02-26,20.89,21.04,20.89,21.04,1400
2025-02-27,21.53,21.53,21.13,21.13,3100
2025-02-28,21.53,22.02,21.48,22.02,10400
2025-03-03,22.02,22.02,22.02,22.02,7
2025-03-04,22.26,22.26,22.26,22.26,100
2025-03-05,21.53,21.53,21.53,21.53,1200
2025-03-06,22.02,22.26,21.82,22.26,4353
2025-03-07,22.26,22.26,22.26,22.26,46
2025-03-10,22.02,22.02,22.02,22.02,226
2025-03-11,22.02,22.5,22.02,22.5,3321
2025-03-12,23.43,23.73,22.75,23.73,15081
2025-03-13,23.73,23.83,23.73,23.83,32028
2025-03-14,23.97,24.22,23.83,23.83,13102
2025-03-17,23.83,23.83,23.83,23.83,2305
2025-03-18,23.83,23.92,23.83,23.87,27810
2025-03-19,23.87,23.87,23.87,23.87,1674
2025-03-20,23.87,24.22,23.87,24.12,12500
2025-03-21,24.02,24.12,24.02,24.12,1202
2025-03-24,24.31,25.2,24.31,24.95,13001
2025-03-25,24.95,27.45,22.55,27.45,27775
2025-03-26,27.45,27.45,27.45,27.45,344
2025-03-27,25.68,28.33,25.44,25.44,5256
2025-03-28,24.95,25.73,24.95,25.73,2700
2025-03-31,24.95,25.24,24.95,25.24,1701
2025-04-01,25.44,26.66,25.44,26.66,4146
2025-04-02,27.84,27.84,26.17,26.17,2504
2025-04-03,24.56,26.86,24.41,24.41,4802
2025-04-04,24.22,25.93,23.92,25.93,17000
2025-04-08,25.98,25.98,25.44,25.44,577
2025-04-09,25.44,25.44,25.2,25.2,400
2025-04-10,24.95,27.69,24.95,27.69,33000
2025-04-11,27.69,28.38,27.69,28.38,16358
2025-04-14,28.47,29.6,28.47,29.6,21985
2025-04-15,29.6,29.6,29.6,29.6,5256
2025-04-16,26.86,26.86,26.86,26.86,438
2025-04-17,26.42,26.42,26.37,26.37,1799
2025-04-18,26.37,26.37,26.37,26.37,133
2025-04-21,25.88,25.88,25.88,25.88,931
2025-04-22,28.33,28.38,27.89,28.38,3740
2025-04-23,28.38,28.38,28.38,28.38,0
2025-04-24,28.38,28.38,28.38,28.38,10
2025-04-25,28.38,28.38,26.42,26.42,2201
2025-04-28,26.42,26.42,26.42,26.42,100
2025-04-29,25.93,25.93,25.93,25.93,354
2025-05-05,25.93,25.93,25.93,25.93,0
2025-05-06,27.89,27.89,25.93,25.93,500
2025-05-07,25.98,25.98,25.98,25.98,637
2025-05-08,27.4,27.4,25.93,25.93,3405
2025-05-09,27.15,27.15,27.15,27.15,1300
2025-05-12,26.91,27.15,26.91,27.15,904
2025-05-13,27.15,27.15,27.15,27.15,0
2025-05-14,27.64,27.89,27.64,27.89,2200
2025-05-15,27.89,27.89,27.89,27.89,100
2025-05-16,26.91,26.91,26.91,26.91,300
2025-05-19,27.89,27.89,26.91,26.91,600
2025-05-20,26.91,26.91,26.91,26.91,0
2025-05-21,26.91,26.91,26.91,26.91,200
2025-05-22,26.91,26.91,26.91,26.91,0
2025-05-23,26.91,26.91,26.91,26.91,200
2025-05-26,26.91,26.91,26.91,26.91,0
2025-05-27,26.91,26.91,26.17,26.17,600
2025-05-28,26.17,26.17,26.17,26.17,33
2025-05-29,26.42,26.42,26.22,26.42,1000
2025-05-30,26.03,26.03,26.03,26.03,100
2025-06-02,25.68,25.68,24.46,24.46,13533
2025-06-03,24.46,24.46,24.46,24.46,429
2025-06-04,24.46,24.46,24.46,24.46,500
2025-06-05,24.46,24.46,24.46,24.46,134
2025-06-06,24.46,24.46,24.46,24.46,4800
2025-06-09,24.51,24.51,24.46,24.46,1000
2025-06-10,24.71,25.44,24.71,25.44,2533
2025-06-11,25.44,25.44,25.44,25.44,0
2025-06-12,25.93,26.91,25.93,26.91,3001
2025-06-13,26.91,26.91,25.93,25.93,500
2025-06-16,26.91,27.15,26.42,27.15,5142
2025-06-17,27.84,27.84,27.2,27.2,3925
2025-06-18,27.84,29.89,27.84,29.89,14494
2025-06-19,29.89,31.8,29.89,30.38,4103
2025-06-20,31.8,33.27,31.07,32.0,12505
2025-06-23,32.04,32.04,29.35,32.0,6177
2025-06-24,30.14,31.07,29.94,31.07,2957
2025-06-25,31.07,31.07,30.14,30.14,9342
2025-06-26,29.35,30.33,28.72,30.09,4187
2025-06-27,30.09,30.33,29.35,30.33,3200
2025-06-30,30.58,31.31,30.58,31.11,10000
2025-07-01,31.07,31.65,31.07,31.65,5468
2025-07-02,31.8,31.8,31.16,31.16,8584
2025-07-03,31.65,31.65,31.36,31.36,2326
2025-07-04,31.75,32.53,31.75,31.8,10627
2025-07-07,32.29,34.74,32.29,34.74,20781
2025-07-08,34.74,34.74,33.51,33.76,18933
2025-07-09,33.95,37.09,33.95,36.99,22787
2025-07-10,36.99,36.99,36.3,36.3,6936
2025-07-11,36.3,36.3,35.32,35.42,13765
2025-07-14,35.42,35.52,34.44,35.23,5115
2025-07-15,35.13,35.23,33.95,33.95,5775
2025-07-16,33.95,33.95,33.36,33.95,792
2025-07-17,33.95,33.95,33.26,33.36,5693
2025-07-18,33.85,34.34,33.85,34.34,3933
2025-07-21,34.34,34.34,33.85,33.85,2505
2025-07-22,33.75,33.75,32.38,32.38,5395
2025-07-23,32.18,32.67,32.18,32.67,4915
2025-07-24,34.34,34.34,32.67,33.36,1403
2025-07-25,33.36,33.36,32.18,33.36,1023
2025-07-28,33.36,33.36,32.67,32.97,1926
2025-07-29,32.97,32.97,31.79,31.79,4282
2025-07-30,31.89,31.89,30.52,31.69,175146
2025-07-31,30.91,31.01,30.91,30.91,1243
2025-08-01,30.91,32.38,30.91,31.1,693
2025-08-04,30.91,31.1,30.91,31.1,1624
2025-08-05,30.91,31.5,30.91,31.4,4300
2025-08-06,32.67,32.77,32.67,32.67,2308
2025-08-07,35.62,35.62,34.15,34.34,3304
2025-08-08,34.34,34.34,34.34,34.34,1
2025-08-11,32.58,33.46,32.58,32.87,1175
2025-08-12,32.38,32.87,32.38,32.87,200
2025-08-13,32.77,32.77,32.28,32.77,1902
2025-08-14,31.79,32.38,31.69,32.38,1207
2025-08-15,32.38,32.38,32.38,32.38,110
2025-08-18,31.89,32.09,31.01,31.01,1895
2025-08-19,31.4,31.4,31.01,31.01,2223
2025-08-20,31.01,31.01,30.91,31.01,1003
2025-08-21,31.4,31.4,31.4,31.4,1352
2025-08-22,31.3,31.59,31.01,31.59,1207
2025-08-25,31.59,31.59,31.59,31.59,14
2025-08-26,31.89,31.89,31.89,31.89,290
2025-08-27,30.91,31.89,30.91,31.89,3520
2025-08-28,30.91,31.4,29.44,29.53,21466
2025-08-29,29.53,30.42,28.45,29.53,9439
2025-09-03,29.44,29.53,29.04,29.44,9377
2025-09-04,29.44,30.22,29.44,29.44,4794
2025-09-05,29.44,29.63,29.44,29.44,7750
2025-09-08,29.44,29.53,29.44,29.44,6855
2025-09-09,29.53,29.53,29.44,29.53,11310
2025-09-10,29.63,29.93,29.63,29.63,6659
2025-09-11,29.63,29.93,29.63,29.83,6120
2025-09-12,29.83,30.02,29.83,30.02,1375
2025-09-15,30.22,30.42,30.02,30.42,6746
2025-09-16,31.1,31.1,30.81,30.91,3505
2025-09-17,31.01,31.4,30.91,30.91,4701
2025-09-18,31.1,31.1,31.01,31.01,10413
2025-09-19,31.01,31.01,31.01,31.01,2586
2025-09-22,31.01,31.4,31.01,31.4,15831
2025-09-23,31.4,31.8,31.4,31.4,3815
2025-09-24,32.0,32.4,31.7,31.7,18022
2025-09-25,31.9,31.9,31.8,31.8,7642
2025-09-26,31.8,31.8,31.0,31.0,843
2025-09-29,31.0,31.1,31.0,31.1,3200
2025-09-30,31.1,31.1,31.1,31.1,623
2025-10-01,31.1,31.1,31.1,31.1,69
2025-10-02,31.5,31.5,31.1,31.1,10033
2025-10-03,31.1,31.2,31.1,31.2,2401
2025-10-06,31.2,32.3,31.2,31.6,5500
2025-10-07,31.7,31.7,31.6,31.6,2400
2025-10-08,31.6,31.6,30.8,31.0,4700
2025-10-09,31.5,31.5,31.5,31.5,500
2025-10-10,31.6,31.6,31.5,31.5,2700
2025-10-13,31.5,31.5,31.5,31.5,300
2025-10-14,31.5,32.5,31.0,32.4,5300
2025-10-15,32.4,33.0,32.4,33.0,13600
2025-10-16,33.0,35.1,33.0,35.1,11400
2025-10-17,35.1,35.1,34.5,35.0,10200
2025-10-20,35.0,35.0,33.6,33.8,5900
2025-10-21,33.8,34.0,33.8,34.0,10500
2025-10-22,35.5,35.5,35.5,35.5,100
2025-10-23,34.0,34.0,34.0,34.0,1100
2025-10-24,35.4,35.5,35.4,35.5,2300
2025-10-27,35.0,35.0,35.0,35.0,3400
2025-10-28,35.1,35.1,35.0,35.0,1100
2025-10-29,35.1,35.1,35.0,35.0,1900
2025-10-30,35.0,35.2,35.0,35.2,700
2025-10-31,35.2,35.2,35.0,35.0,8200
2025-11-04,35.1,35.4,35.0,35.3,2400
2025-11-05,35.3,35.4,35.2,35.2,1600
2025-11-06,35.5,35.5,35.5,35.5,800
2025-11-07,35.1,35.1,35.0,35.0,2100
2025-11-10,35.0,35.2,35.0,35.2,2700
2025-11-11,35.2,35.2,35.2,35.2,100
2025-11-12,35.3,36.0,35.1,35.1,1100
